tia,3:05 AM,PC282,Istanbul (SAW),Pegasus,B738 (TC-CRE),,Departed 4:05 AM,Sunday Mar 17,departures
tia,1:45 PM,,Milan (MXP),Wizz Air,A21N (9H-WDP),,Departed 1:52 PM,Sunday Mar 17,departures
tia,4:55 AM,OS850,Vienna (VIE),Austrian Airlines,A320 (OE-LBN),,Departed 4:49 AM,Sunday Mar 17,departures
tia,6:00 AM,W43841,Dortmund (DTM),Wizz Air,A21N (HA-LZK),,Departed 7:01 AM,Sunday Mar 17,departures
tia,6:00 AM,W46625,Brussels (CRL),Wizz Air,A321 (HA-LXA),,Departed 6:14 AM,Sunday Mar 17,departures
tia,6:10 AM,W43845,Milan (BGY),Wizz Air,A321 (HA-LXR),,Departed 6:17 AM,Sunday Mar 17,departures
tia,6:10 AM,W43857,Rome (FCO),Wizz Air,A321 (HA-LXK),,Departed 6:25 AM,Sunday Mar 17,departures
tia,6:20 AM,W46607,Milan (MXP),Wizz Air,A321 (HA-LXE),,Departed 6:28 AM,Sunday Mar 17,departures
tia,6:25 AM,LH1455,Frankfurt (FRA),Lufthansa,A320 (D-AIQW),,Departed 6:30 AM,Sunday Mar 17,departures
tia,6:50 AM,W43851,Venice (TSF),Wizz Air,A321 (HA-LXY),,Departed 6:51 AM,Sunday Mar 17,departures
tia,6:50 AM,W43853,Pisa (PSA),Wizz Air,A321 (HA-LXV),,Departed 6:58 AM,Sunday Mar 17,departures
tia,6:55 AM,W46603,Turin (TRN),Wizz Air,A320 (9H-WZW),,Departed 6:54 AM,Sunday Mar 17,departures
tia,6:55 AM,W46627,Eindhoven (EIN),Wizz Air,A21N (9H-WDP),,Departed 7:04 AM,Sunday Mar 17,departures
tia,7:10 AM,W43861,Stockholm (NYO),Wizz Air,A320 (9H-WDC),,Departed 7:14 AM,Sunday Mar 17,departures
tia,7:25 AM,ZB1001,Istanbul (IST),Air Albania,A320 (ZA-MMK),,Departed 4:18 PM,Sunday Mar 17,departures
tia,7:30 AM,ZB2009,Pisa (PSA),Air Albania,319,,Unknown,Sunday Mar 17,departures
tia,8:20 AM,W46605,Catania (CTA),Wizz Air,A21N (9H-WDR),,Departed 8:27 AM,Sunday Mar 17,departures
tia,9:10 AM,FR8399,Bologna (BLQ),Ryanair,B738 (9H-QCY),,Departed 9:12 AM,Sunday Mar 17,departures
tia,9:20 AM,W63879,Warsaw (WAW),Wizz Air,A321 (HA-LTE),,Departed 9:23 AM,Sunday Mar 17,departures
tia,9:40 AM,LX1443,Zurich (ZRH),Swiss,BCS1 (HB-JBA),,Departed 9:52 AM,Sunday Mar 17,departures
tia,9:45 AM,FR8299,Brussels (CRL),Ryanair,B738 (EI-EVT),,Departed 9:43 AM,Sunday Mar 17,departures
tia,9:50 AM,A3971,Athens (ATH),Aegean Airlines,-,,Estimated dep. 9:50 AM,Sunday Mar 17,departures
tia,10:10 AM,FR8356,Milan (BGY),Ryanair,B738 (9H-QEF),,Departed 10:51 AM,Sunday Mar 17,departures
tia,10:30 AM,W46629,Milan (MXP),Wizz Air,A321 (HA-LXK),,Departed 10:54 AM,Sunday Mar 17,departures
tia,11:05 AM,RK8289,London (STN),Ryanair,B738 (G-RUKE),,Departed 4:45 PM,Sunday Mar 17,departures
tia,11:15 AM,W43855,Ancona (AOI),Wizz Air,A321 (HA-LXR),,Departed 11:20 AM,Sunday Mar 17,departures
tia,11:15 AM,W46691,Rome (FCO),Wizz Air,A321 (HA-LXY),,Departed 11:17 AM,Sunday Mar 17,departures
tia,11:30 AM,W46679,Pisa (PSA),Wizz Air,A321 (HA-LXV),,Departed 11:54 AM,Sunday Mar 17,departures
tia,11:35 AM,W46601,Bari (BRI),Wizz Air,A321 (HA-LXE),,Departed 11:48 AM,Sunday Mar 17,departures
tia,12:00 PM,2B233,Milan (BGY),Albawings,737,,Unknown,Sunday Mar 17,departures
tia,12:00 PM,FR8333,Weeze (NRN),Ryanair,B738 (9H-QBY),,Departed 12:27 PM,Sunday Mar 17,departures
tia,12:10 PM,FR8350,Milan (BGY),Ryanair,B738 (9H-QDB),,Departed 12:22 PM,Sunday Mar 17,departures
tia,12:10 PM,W43885,Milan (BGY),Wizz Air,A320 (9H-WZW),,Departed 12:36 PM,Sunday Mar 17,departures
tia,12:25 PM,FZ746,Dubai (DXB),flydubai,B38M (A6-FMI),,Departed 12:46 PM,Sunday Mar 17,departures
tia,12:25 PM,W94466,London (LTN),Wizz Air,A21N (G-WUKU),,Departed 12:38 PM,Sunday Mar 17,departures
tia,12:30 PM,2B273,Perugia (PEG),Albawings,737,,Unknown,Sunday Mar 17,departures
tia,12:50 PM,ZB1010,Istanbul (IST),Air Albania,320,,Canceled,Sunday Mar 17,departures
tia,12:50 PM,ZB2003,Milan (MXP),Air Albania,A320 (ZA-MMK),,Departed 9:08 PM,Sunday Mar 17,departures
tia,12:55 PM,LO598,Warsaw (WAW),LOT (Warmia Mazury Livery),E195 (SP-LNF),,Departed 1:09 PM,Sunday Mar 17,departures
tia,1:10 PM,W46613,Hamburg (HAM),Wizz Air,A21N (HA-LZK),,Departed 1:24 PM,Sunday Mar 17,departures
tia,2:00 PM,W46611,Berlin (BER),Wizz Air,A321 (HA-LXA),,Departed 2:09 PM,Sunday Mar 17,departures
tia,2:10 PM,W43206,Bucharest (OTP),Wizz Air,A321 (HA-LXH),,Departed 2:06 PM,Sunday Mar 17,departures
tia,2:10 PM,W46635,Basel (BSL),Wizz Air,A321 (HA-LXE),,Departed 3:15 PM,Sunday Mar 17,departures
tia,2:20 PM,LH1425,Frankfurt (FRA),Lufthansa,A320 (D-AIUP),,Departed 2:46 PM,Sunday Mar 17,departures
tia,2:45 PM,W44813,Athens (ATH),Wizz Air,A320 (9H-WDC),,Departed 2:49 PM,Sunday Mar 17,departures
tia,3:00 PM,JU213,Belgrade (BEG),AirSERBIA,AT76 (YU-ALZ),,Departed 3:06 PM,Sunday Mar 17,departures
tia,3:00 PM,OS848,Vienna (VIE),Austrian Airlines,A320 (OE-LBP),,Departed 3:01 PM,Sunday Mar 17,departures
tia,3:15 PM,W43869,Milan (BGY),Wizz Air,A321 (HA-LXR),,Departed 3:24 PM,Sunday Mar 17,departures
tia,3:40 PM,FR8422,Milan (BGY),Ryanair,B738 (EI-DLX),,Departed 4:13 PM,Sunday Mar 17,departures
tia,3:40 PM,W43843,Memmingen (FMM),Wizz Air,A321 (HA-LXK),,Departed 4:26 PM,Sunday Mar 17,departures
tia,4:05 PM,W46649,Pisa (PSA),Wizz Air,A321 (HA-LXY),,Departed 4:03 PM,Sunday Mar 17,departures
tia,4:15 PM,W44809,Venice (TSF),Wizz Air,A321 (HA-LTA),,Departed 4:21 PM,Sunday Mar 17,departures
tia,4:55 PM,2B225,Venice (VCE),Albawings,737,,Unknown,Sunday Mar 17,departures
tia,4:55 PM,AZ585,Rome (FCO),ITA Airways,A20N (EI-HJD),,Departed 4:57 PM,Sunday Mar 17,departures
tia,5:00 PM,W46633,Paris (BVA),Wizz Air,A321 (HA-LXV),,Departed 5:04 PM,Sunday Mar 17,departures
tia,5:10 PM,2B231,Pisa (PSA),Albawings,737,,Unknown,Sunday Mar 17,departures
tia,6:00 PM,W43865,Barcelona (BCN),Wizz Air,A320 (9H-WZW),,Departed 5:57 PM,Sunday Mar 17,departures
tia,6:10 PM,ZB1003,Istanbul (IST),Air Albania,A320 (ZA-MMK),,Departed 2:27 AM,Sunday Mar 17,departures
tia,6:10 PM,ZB2001,Rome (FCO),Air Albania,319,,Unknown,Sunday Mar 17,departures
tia,6:30 PM,A3973,Athens (ATH),Aegean Airlines,A320 (SX-DGZ),,Departed 6:27 PM,Sunday Mar 17,departures
tia,6:55 PM,FR8420,Rome (CIA),Ryanair,B738 (9H-QAN),,Departed 6:58 PM,Sunday Mar 17,departures
tia,6:55 PM,W43877,Bologna (BLQ),Wizz Air,A320 (9H-WDC),,Departed 6:51 PM,Sunday Mar 17,departures
tia,7:00 PM,ZB2005,Bologna (BLQ),Air Albania,319,,Unknown,Sunday Mar 17,departures
tia,7:45 PM,W46637,Genoa (GOA),Wizz Air,A321 (HA-LXE),,Departed 9:03 PM,Sunday Mar 17,departures
tia,7:55 PM,W46661,Turin (TRN),Wizz Air,A21N (HA-LZK),,Departed 8:10 PM,Sunday Mar 17,departures
tia,8:00 PM,W43887,Rome (FCO),Wizz Air,A321 (HA-LXA),,Departed 8:06 PM,Sunday Mar 17,departures
tia,8:05 PM,FR8403,Krakow (KRK),Ryanair,B738 (SP-RSV),,Departed 8:08 PM,Sunday Mar 17,departures
tia,8:10 PM,FR8400,Venice (TSF),Ryanair,B738 (9H-QEL),,Departed 8:17 PM,Sunday Mar 17,departures
tia,8:10 PM,W46609,Milan (MXP),Wizz Air,A321 (HA-LXR),,Departed 8:13 PM,Sunday Mar 17,departures
tia,8:20 PM,FR8416,Bucharest (OTP),Ryanair,B738 (9H-QBX),,Departed 8:20 PM,Sunday Mar 17,departures
tia,8:40 PM,RK8291,London (STN),Ryanair,B738 (G-RUKD),,Departed 8:42 PM,Sunday Mar 17,departures
tia,8:40 PM,W43849,Verona (VRN),Wizz Air,A321 (HA-LTA),,Departed 9:02 PM,Sunday Mar 17,departures
tia,8:45 PM,W43847,Bologna (BLQ),Wizz Air,A321 (HA-LXY),,Departed 8:54 PM,Sunday Mar 17,departures
tia,8:50 PM,W94474,London (LTN),Wizz Air,A21N (G-WUKP),,Departed 9:12 PM,Sunday Mar 17,departures
tia,8:55 PM,W46647,Bari (BRI),Wizz Air,A321 (HA-LXK),,Departed 9:15 PM,Sunday Mar 17,departures
tia,9:35 PM,W62234,Budapest (BUD),Wizz Air,A21N (HA-LGB),,Departed 10:09 PM,Sunday Mar 17,departures
tia,9:50 PM,FR8391,Pisa (PSA),Ryanair,B738 (9H-QET),,Departed 10:02 PM,Sunday Mar 17,departures
tia,10:05 PM,FR8370,Catania (CTA),Ryanair,B738 (9H-QCQ),,Departed 9:54 PM,Sunday Mar 17,departures
tia,11:05 PM,W94472,London (LTN),Wizz Air,A21N (G-WUNC),,Departed 11:13 PM,Sunday Mar 17,departures
tia,1:55 AM,PC282,Istanbul (SAW),Pegasus,A21N (TC-RDT),,Departed 4:11 AM,Monday Mar 18,departures
tia,3:00 AM,ZB1011,Istanbul (IST),Air Albania,A320 (ZA-MMK),,Estimated dep. 3:08 AM,Monday Mar 18,departures
tia,4:00 AM,JU217,Belgrade (BEG),AirSERBIA,AT76 (YU-ASA),,Departed 4:42 AM,Monday Mar 18,departures
tia,4:55 AM,OS850,Vienna (VIE),Austrian Airlines (Retro Livery),A320 (OE-LBO),,Departed 4:50 AM,Monday Mar 18,departures
tia,6:00 AM,W43841,Dortmund (DTM),Wizz Air,A21N (HA-LZK),,Departed 6:10 AM,Monday Mar 18,departures
tia,6:00 AM,W46611,Berlin (BER),Wizz Air,A321 (HA-LXV),,Departed 6:07 AM,Monday Mar 18,departures
tia,6:10 AM,W43845,Milan (BGY),Wizz Air,A321 (HA-LTA),,Departed 6:15 AM,Monday Mar 18,departures
tia,6:20 AM,W46607,Milan (MXP),Wizz Air,A321 (HA-LXR),,Departed 6:24 AM,Monday Mar 18,departures
tia,6:25 AM,LH1455,Frankfurt (FRA),Lufthansa,A320 (D-AIZI),,Departed 6:34 AM,Monday Mar 18,departures
tia,6:25 AM,W46603,Turin (TRN),Wizz Air,A321 (HA-LXA),,Departed 6:30 AM,Monday Mar 18,departures
tia,6:50 AM,W43851,Venice (TSF),Wizz Air,A321 (HA-LXY),,Departed 6:49 AM,Monday Mar 18,departures
tia,6:50 AM,W46625,Brussels (CRL),Wizz Air,A321 (HA-LXK),,Departed 7:05 AM,Monday Mar 18,departures
tia,6:55 AM,W43857,Rome (FCO),Wizz Air,A321 (HA-LXE),,Departed 6:58 AM,Monday Mar 18,departures
tia,6:55 AM,W46627,Eindhoven (EIN),Wizz Air,A320 (9H-WZW),,Departed 7:08 AM,Monday Mar 18,departures
tia,7:10 AM,W43843,Memmingen (FMM),Wizz Air,A320 (9H-WDC),,Departed 7:20 AM,Monday Mar 18,departures
tia,7:20 AM,ZB2009,Pisa (PSA),Air Albania,319,,Unknown,Monday Mar 18,departures
tia,7:25 AM,ZB1001,Istanbul (IST),Air Albania,A320 (ZA-MMK),,Departed 7:42 AM,Monday Mar 18,departures
tia,8:00 AM,2B195,Ancona (AOI),Albawings,737,,Unknown,Monday Mar 18,departures
tia,8:25 AM,FR8350,Milan (BGY),Ryanair,B38M (EI-IHZ),,Departed 8:31 AM,Monday Mar 18,departures
tia,8:30 AM,ZB5001,Dusseldorf (DUS),Air Albania,319,,Unknown,Monday Mar 18,departures
tia,9:00 AM,FR8400,Venice (TSF),Ryanair,B738 (9H-QCF),,Departed 9:03 AM,Monday Mar 18,departures
tia,9:25 AM,TB2952,Brussels (BRU),TUI,E295 (OO-ETC),,Departed 9:32 AM,Monday Mar 18,departures
tia,9:50 AM,A3971,Athens (ATH),Aegean Airlines,A20N (SX-NEG),,Departed 9:55 AM,Monday Mar 18,departures
tia,10:15 AM,FR8299,Brussels (CRL),Ryanair,B738 (EI-EBK),,Departed 10:32 AM,Monday Mar 18,departures
tia,10:35 AM,RK8289,London (STN),Ryanair,B738 (G-RUKD),,Departed 10:36 AM,Monday Mar 18,departures
tia,11:15 AM,W43853,Pisa (PSA),Wizz Air,A321 (HA-LXY),,Departed 11:20 AM,Monday Mar 18,departures
tia,11:15 AM,W43877,Bologna (BLQ),Wizz Air,A321 (HA-LXB),,Departed 11:22 AM,Monday Mar 18,departures
tia,11:15 AM,W43885,Milan (BGY),Wizz Air,A321 (HA-LXE),,Departed 11:25 AM,Monday Mar 18,departures
tia,11:20 AM,MDF9033,Athens (ATH),Swiftair,E120 (SX-AQI),,Departed 11:43 AM,Monday Mar 18,departures
tia,11:30 AM,2B353,Bari (BRI),Albawings,737,,Unknown,Monday Mar 18,departures
tia,11:35 AM,W46601,Bari (BRI),Wizz Air,A321 (HA-LXR),,Departed 11:40 AM,Monday Mar 18,departures
tia,11:50 AM,W44809,Venice (TSF),Wizz Air,A321 (HA-LXA),,Departed 12:00 PM,Monday Mar 18,departures
tia,12:00 PM,2B229,Bologna (BLQ),Albawings,737,,Unknown,Monday Mar 18,departures
tia,12:05 PM,2B235,Verona (VRN),Albawings,737,,Unknown,Monday Mar 18,departures
tia,12:10 PM,W46631,Prague (PRG),Wizz Air,A321 (HA-LXV),,Departed 12:13 PM,Monday Mar 18,departures
tia,12:15 PM,FR8320,Rome (CIA),Ryanair,B738 (9H-QBW),,Departed 12:28 PM,Monday Mar 18,departures
tia,12:25 PM,W45100,Krakow (KRK),Wizz Air,A320 (9H-WDC),,Departed 12:47 PM,Monday Mar 18,departures
tia,12:30 PM,W46633,Paris (BVA),Wizz Air,A21N (HA-LZK),,Departed 12:35 PM,Monday Mar 18,departures
tia,12:40 PM,ZB1010,Istanbul (IST),Air Albania,320,,Canceled,Monday Mar 18,departures
tia,12:50 PM,ZB2003,Milan (MXP),Air Albania,A320 (ZA-MMK),,Estimated dep. 1:08 PM,Monday Mar 18,departures
tia,12:55 PM,W46605,Catania (CTA),Wizz Air,A21N (9H-WDR),,Estimated dep. 1:09 PM,Monday Mar 18,departures
tia,1:30 PM,LO598,Warsaw (WAW),LOT,E75S (SP-LIC),,Estimated dep. 1:38 PM,Monday Mar 18,departures
tia,1:35 PM,BA381,London (LHR),Finnair,A320 (OH-LXH),,Estimated dep. 1:35 PM,Monday Mar 18,departures
tia,1:35 PM,W44813,Athens (ATH),Wizz Air,A321 (HA-LXK),,Estimated dep. 1:49 PM,Monday Mar 18,departures
tia,2:10 PM,LH1425,Frankfurt (FRA),Lufthansa,A320 (D-AIUD),,Estimated dep. 2:25 PM,Monday Mar 18,departures
tia,2:20 PM,W46635,Basel (BSL),Wizz Air,A320 (HA-LYK),,Estimated dep. 2:35 PM,Monday Mar 18,departures
tia,3:00 PM,JU213,Belgrade (BEG),AirSERBIA,A319 (YU-APF),,Estimated dep. 3:10 PM,Monday Mar 18,departures
tia,3:00 PM,OS848,Vienna (VIE),Austrian Airlines,A320 (OE-LZE),,Estimated dep. 3:08 PM,Monday Mar 18,departures
tia,3:25 PM,W43869,Milan (BGY),Wizz Air,A321 (HA-LXR),,Estimated dep. 3:39 PM,Monday Mar 18,departures
tia,4:05 PM,PC284,Istanbul (SAW),Pegasus,A20N (TC-NBA),,Estimated dep. 4:05 PM,Monday Mar 18,departures
tia,4:05 PM,W46637,Genoa (GOA),Wizz Air,A321 (HA-LXB),,Estimated dep. 4:19 PM,Monday Mar 18,departures
tia,4:05 PM,MDF9031,Athens (ATH),Swiftair,E120 (SX-AQI),,Estimated dep. 5:03 PM,Monday Mar 18,departures
tia,4:15 PM,W43887,Rome (FCO),Wizz Air,A321 (HA-LXY),,Estimated dep. 4:29 PM,Monday Mar 18,departures
tia,4:25 PM,W46688,Catania (CTA),Wizz Air,A321 (HA-LXE),,Estimated dep. 4:39 PM,Monday Mar 18,departures
tia,4:45 PM,W46649,Pisa (PSA),Wizz Air,A321 (HA-LXA),,Estimated dep. 4:59 PM,Monday Mar 18,departures
tia,5:10 PM,FR8356,Milan (BGY),Ryanair,B738 (9H-QBI),,Estimated dep. 5:25 PM,Monday Mar 18,departures
tia,5:30 PM,W46645,Madrid (MAD),Wizz Air,A321 (HA-LXV),,Estimated dep. 5:44 PM,Monday Mar 18,departures
tia,5:45 PM,W46613,Hamburg (HAM),Wizz Air,A321 (HA-LXK),,Estimated dep. 5:59 PM,Monday Mar 18,departures
tia,5:45 PM,5W7092,Abu Dhabi (AUH),Wizz Air,A21N (A6-WZB),,Estimated dep. 5:53 PM,Monday Mar 18,departures
tia,5:50 PM,W43865,Barcelona (BCN),Wizz Air,A320 (9H-WDC),,Estimated dep. 6:05 PM,Monday Mar 18,departures
tia,6:30 PM,A3973,Athens (ATH),Aegean Airlines,-,,Estimated dep. 6:30 PM,Monday Mar 18,departures
tia,7:25 PM,FR8399,Bologna (BLQ),Ryanair,B738 (9H-QCG),,Estimated dep. 7:40 PM,Monday Mar 18,departures
tia,7:35 PM,W43867,Cologne (CGN),Wizz Air,A21N (HA-LZK),,Estimated dep. 7:49 PM,Monday Mar 18,departures
tia,7:45 PM,FR8360,Rome (CIA),Ryanair,B738 (9H-QAN),,Estimated dep. 8:00 PM,Monday Mar 18,departures
tia,7:55 PM,W46691,Rome (FCO),Wizz Air,A320 (HA-LYK),,Estimated dep. 8:10 PM,Monday Mar 18,departures
tia,8:00 PM,RK8291,London (STN),Ryanair,B738 (G-RUKD),,Estimated dep. 8:15 PM,Monday Mar 18,departures
tia,8:10 PM,W46609,Milan (MXP),Wizz Air,A321 (HA-LXR),,Estimated dep. 8:24 PM,Monday Mar 18,departures
tia,8:20 PM,W94474,London (LTN),Wizz Air,A21N (G-WUKS),,Estimated dep. 8:34 PM,Monday Mar 18,departures
tia,8:30 PM,FR8370,Catania (CTA),Ryanair,B738 (9H-QCQ),,Estimated dep. 8:45 PM,Monday Mar 18,departures
tia,8:30 PM,W46647,Bari (BRI),Wizz Air,A321 (HA-LXY),,Estimated dep. 8:44 PM,Monday Mar 18,departures
tia,8:35 PM,W43847,Bologna (BLQ),Wizz Air,A321 (HA-LXE),,Estimated dep. 8:49 PM,Monday Mar 18,departures
tia,9:00 PM,W44817,Brindisi (BDS),Wizz Air,A321 (HA-LXB),,Estimated dep. 9:14 PM,Monday Mar 18,departures
tia,9:20 PM,W42882,Vienna (VIE),Wizz Air,A321 (HA-LXO),,Estimated dep. 9:34 PM,Monday Mar 18,departures
tia,9:25 PM,W43849,Verona (VRN),Wizz Air,A321 (HA-LXA),,Estimated dep. 9:39 PM,Monday Mar 18,departures
tia,9:50 PM,FR8391,Pisa (PSA),Ryanair,B738 (9H-QBV),,Estimated dep. 10:05 PM,Monday Mar 18,departures
tia,11:05 PM,W94472,London (LTN),Wizz Air,A21N (G-WUKZ),,Estimated dep. 11:19 PM,Monday Mar 18,departures
tia,2:20 AM,PC282,Istanbul (SAW),Pegasus,320,,Estimated dep. 4:00 AM,Tuesday Mar 19,departures
tia,5:35 AM,AZ507,Rome (FCO),ITA Airways,32S,,Estimated dep. 5:35 AM,Tuesday Mar 19,departures
tia,8:25 AM,FR8360,Rome (CIA),Ryanair,73H,,Estimated dep. 8:25 AM,Tuesday Mar 19,departures
tia,9:25 AM,FR8299,Brussels (CRL),Ryanair,73H,,Estimated dep. 9:25 AM,Tuesday Mar 19,departures
tia,10:00 AM,FR8418,Stockholm (ARN),Ryanair,73H,,Estimated dep. 10:00 AM,Tuesday Mar 19,departures
tia,10:15 AM,FR8350,Milan (BGY),Ryanair,73H,,Estimated dep. 10:15 AM,Tuesday Mar 19,departures
tia,10:15 AM,FR8314,Paris (BVA),Ryanair,7M8,,Estimated dep. 10:15 AM,Tuesday Mar 19,departures
tia,10:40 AM,RK8293,Manchester (MAN),Ryanair UK,73H,,Estimated dep. 10:40 AM,Tuesday Mar 19,departures
tia,11:10 AM,RK8289,London (STN),Ryanair UK,73H,,Estimated dep. 11:10 AM,Tuesday Mar 19,departures
tia,3:45 PM,AZ585,Rome (FCO),ITA Airways,32N,,Estimated dep. 3:45 PM,Tuesday Mar 19,departures
tia,8:40 PM,RK8291,London (STN),Ryanair UK,73H,,Estimated dep. 8:40 PM,Tuesday Mar 19,departures
tia,10:05 PM,FR8356,Milan (BGY),Ryanair,73H,,Estimated dep. 10:05 PM,Tuesday Mar 19,departures
tia,1:10 AM,W46616,Frankfurt (HHN),Wizz Air Malta,321,,Unknown,Sunday Mar 17,arrivals
tia,5:57 AM,,Budapest (BUD),Wizz Air,A21N (HA-LZK),,Landed 5:48 AM,Sunday Mar 17,arrivals
tia,7:35 AM,W46606,Catania (CTA),Wizz Air,A21N (9H-WDR),,Landed 7:18 AM,Sunday Mar 17,arrivals
tia,8:40 AM,FR8398,Bologna (BLQ),Ryanair,B738 (9H-QCY),,Landed 8:21 AM,Sunday Mar 17,arrivals
tia,8:45 AM,W63880,Warsaw (WAW),Wizz Air,A321 (HA-LTE),,Landed 8:25 AM,Sunday Mar 17,arrivals
tia,8:55 AM,LX1442,Zurich (ZRH),Swiss,BCS1 (HB-JBA),,Landed 8:37 AM,Sunday Mar 17,arrivals
tia,9:05 AM,A3970,Athens (ATH),Aegean Airlines,-,,Unknown,Sunday Mar 17,arrivals
tia,9:20 AM,FR8298,Brussels (CRL),Ryanair,B738 (EI-EVT),,Landed 8:52 AM,Sunday Mar 17,arrivals
tia,9:40 AM,FR8355,Milan (BGY),Ryanair,B738 (9H-QEF),,Landed 9:49 AM,Sunday Mar 17,arrivals
tia,9:55 AM,W43858,Rome (FCO),Wizz Air,A321 (HA-LXK),,Landed 9:45 AM,Sunday Mar 17,arrivals
tia,10:25 AM,RK8288,London (STN),Ryanair,B738 (G-RUKE),,Landed 10:08 AM,Sunday Mar 17,arrivals
tia,10:40 AM,W43846,Milan (BGY),Wizz Air,A321 (HA-LXR),,Landed 10:18 AM,Sunday Mar 17,arrivals
tia,10:40 AM,W43852,Venice (TSF),Wizz Air,A321 (HA-LXY),,Landed 10:21 AM,Sunday Mar 17,arrivals
tia,10:55 AM,W43854,Pisa (PSA),Wizz Air,A321 (HA-LXV),,Landed 10:57 AM,Sunday Mar 17,arrivals
tia,11:00 AM,W46608,Milan (MXP),Wizz Air,A321 (HA-LXE),,Landed 10:32 AM,Sunday Mar 17,arrivals
tia,11:25 AM,FZ745,Dubai (DXB),flydubai,B38M (A6-FMI),,Landed 11:28 AM,Sunday Mar 17,arrivals
tia,11:35 AM,FR8332,Weeze (NRN),Ryanair,B738 (9H-QBY),,Landed 11:03 AM,Sunday Mar 17,arrivals
tia,11:35 AM,W46604,Turin (TRN),Wizz Air,A320 (9H-WZW),,Landed 11:39 AM,Sunday Mar 17,arrivals
tia,11:40 AM,W43842,Dortmund (DTM),Wizz Air,A21N (HA-LZK),,Landed 12:19 PM,Sunday Mar 17,arrivals
tia,11:40 AM,ZB2010,Pisa (PSA),Air Albania,319,,Unknown,Sunday Mar 17,arrivals
tia,11:45 AM,FR8349,Milan (BGY),Ryanair,B738 (9H-QDB),,Landed 11:32 AM,Sunday Mar 17,arrivals
tia,11:50 AM,W94465,London (LTN),Wizz Air,A21N (G-WUKU),,Landed 11:36 AM,Sunday Mar 17,arrivals
tia,11:50 AM,ZB1005,Istanbul (IST),Air Albania,A320 (ZA-MMK),,Landed 7:56 PM,Sunday Mar 17,arrivals
tia,12:00 PM,W46626,Brussels (CRL),Wizz Air,A321 (HA-LXA),,Landed 11:44 AM,Sunday Mar 17,arrivals
tia,12:40 PM,ZB2008,Milan (BGY),Air Albania,319,,Unknown,Sunday Mar 17,arrivals
tia,1:10 PM,W46628,Eindhoven (EIN),Wizz Air,A21N (9H-WDP),,Landed 12:56 PM,Sunday Mar 17,arrivals
tia,1:30 PM,ZB1004,Istanbul (IST),Air Albania,A320 (ZA-MMK),,Landed 3:22 PM,Sunday Mar 17,arrivals
tia,1:30 PM,LH1424,Frankfurt (FRA),Lufthansa,A320 (D-AIUP),,Landed 1:39 PM,Sunday Mar 17,arrivals
tia,1:35 PM,W43205,Bucharest (OTP),Wizz Air,A321 (HA-LXH),,Landed 1:08 PM,Sunday Mar 17,arrivals
tia,2:00 PM,W43862,Stockholm (NYO),Wizz Air,A320 (9H-WDC),,Landed 1:31 PM,Sunday Mar 17,arrivals
tia,2:15 PM,OS847,Vienna (VIE),Austrian Airlines,A320 (OE-LBP),,Landed 2:08 PM,Sunday Mar 17,arrivals
tia,2:30 PM,JU212,Belgrade (BEG),AirSERBIA,AT76 (YU-ALZ),,Landed 2:14 PM,Sunday Mar 17,arrivals
tia,2:30 PM,W46602,Bari (BRI),Wizz Air,A321 (HA-LXE),,Landed 2:04 PM,Sunday Mar 17,arrivals
tia,2:40 PM,W43856,Ancona (AOI),Wizz Air,A321 (HA-LXR),,Landed 2:20 PM,Sunday Mar 17,arrivals
tia,3:00 PM,W46692,Rome (FCO),Wizz Air,A321 (HA-LXY),,Landed 2:45 PM,Sunday Mar 17,arrivals
tia,3:00 PM,,Frankfurt (HHN),Wizz Air,A321 (HA-LTA),,Landed 3:13 PM,Sunday Mar 17,arrivals
tia,3:05 PM,FR8421,Milan (BGY),Ryanair,B738 (EI-DLX),,Landed 3:04 PM,Sunday Mar 17,arrivals
tia,3:10 PM,W46630,Milan (MXP),Wizz Air,A321 (HA-LXK),,Landed 3:17 PM,Sunday Mar 17,arrivals
tia,3:35 PM,W46680,Pisa (PSA),Wizz Air,A321 (HA-LXV),,Landed 3:45 PM,Sunday Mar 17,arrivals
tia,4:05 PM,AZ582,Rome (FCO),ITA Airways,A20N (EI-HJD),,Landed 3:49 PM,Sunday Mar 17,arrivals
tia,4:15 PM,2B274,Perugia (PEG),Albawings,737,,Unknown,Sunday Mar 17,arrivals
tia,4:20 PM,2B232,Milan (BGY),Albawings,737,,Unknown,Sunday Mar 17,arrivals
tia,4:30 PM,W43886,Milan (BGY),Wizz Air,A320 (9H-WZW),,Landed 4:50 PM,Sunday Mar 17,arrivals
tia,5:10 PM,ZB1011,Istanbul (IST),Air Albania,320,,Canceled,Sunday Mar 17,arrivals
tia,5:40 PM,ZB2012,Verona (VRN),Air Albania,319,,Unknown,Sunday Mar 17,arrivals
tia,5:50 PM,A3972,Athens (ATH),Aegean Airlines,A320 (SX-DGZ),,Landed 5:37 PM,Sunday Mar 17,arrivals
tia,5:50 PM,ZB2014,Milan (MXP),Air Albania,A320 (ZA-MMK),,Landed 1:21 AM,Sunday Mar 17,arrivals
tia,6:20 PM,W44814,Athens (ATH),Wizz Air,A320 (9H-WDC),,Landed 5:52 PM,Sunday Mar 17,arrivals
tia,6:25 PM,FR8419,Rome (CIA),Ryanair,B738 (9H-QAN),,Landed 5:55 PM,Sunday Mar 17,arrivals
tia,7:10 PM,W46614,Hamburg (HAM),Wizz Air,A21N (HA-LZK),,Landed 6:57 PM,Sunday Mar 17,arrivals
tia,7:10 PM,W46636,Basel (BSL),Wizz Air,A321 (HA-LXE),,Landed 8:04 PM,Sunday Mar 17,arrivals
tia,7:20 PM,FR8402,Krakow (KRK),Ryanair,B738 (SP-RSV),,Landed 7:09 PM,Sunday Mar 17,arrivals
tia,7:20 PM,W46612,Berlin (BER),Wizz Air,A321 (HA-LXA),,Landed 7:00 PM,Sunday Mar 17,arrivals
tia,7:35 PM,FR8401,Venice (TSF),Ryanair,B738 (9H-QEL),,Landed 7:27 PM,Sunday Mar 17,arrivals
tia,7:35 PM,W43870,Milan (BGY),Wizz Air,A321 (HA-LXR),,Landed 7:16 PM,Sunday Mar 17,arrivals
tia,7:45 PM,FR8415,Bucharest (OTP),Ryanair,B738 (9H-QBX),,Landed 7:31 PM,Sunday Mar 17,arrivals
tia,8:05 PM,W44810,Venice (TSF),Wizz Air,A321 (HA-LTA),,Landed 8:00 PM,Sunday Mar 17,arrivals
tia,8:05 PM,RK8290,London (STN),Ryanair,B738 (G-RUKD),,Landed 7:36 PM,Sunday Mar 17,arrivals
tia,8:10 PM,W46650,Pisa (PSA),Wizz Air,A321 (HA-LXY),,Landed 7:52 PM,Sunday Mar 17,arrivals
tia,8:15 PM,W94473,London (LTN),Wizz Air,A21N (G-WUKP),,Landed 7:41 PM,Sunday Mar 17,arrivals
tia,8:20 PM,W43844,Memmingen (FMM),Wizz Air,A321 (HA-LXK),,Landed 8:15 PM,Sunday Mar 17,arrivals
tia,8:55 PM,2B224,Venice (VCE),Albawings,737,,Unknown,Sunday Mar 17,arrivals
tia,9:00 PM,W62233,Budapest (BUD),Wizz Air,A21N (HA-LGB),,Landed 9:06 PM,Sunday Mar 17,arrivals
tia,9:20 PM,2B230,Pisa (PSA),Albawings,737,,Unknown,Sunday Mar 17,arrivals
tia,9:25 PM,FR8390,Pisa (PSA),Ryanair,B738 (9H-QET),,Landed 9:10 PM,Sunday Mar 17,arrivals
tia,9:30 PM,FR8369,Catania (CTA),Ryanair,B738 (9H-QCQ),,Landed 8:59 PM,Sunday Mar 17,arrivals
tia,9:55 PM,PC281,Istanbul (SAW),Pegasus,A21N (TC-RDT),,Landed 9:41 PM,Sunday Mar 17,arrivals
tia,9:55 PM,ZB2002,Rome (FCO),Air Albania,319,,Unknown,Sunday Mar 17,arrivals
tia,10:30 PM,W94471,London (LTN),Wizz Air,A21N (G-WUNC),,Landed 10:00 PM,Sunday Mar 17,arrivals
tia,10:30 PM,ZB1002,Istanbul (IST),Air Albania,A320 (ZA-MMK),,Landed 6:39 AM,Sunday Mar 17,arrivals
tia,10:40 PM,LH1454,Frankfurt (FRA),Lufthansa,A320 (D-AIZI),,Landed 10:22 PM,Sunday Mar 17,arrivals
tia,10:50 PM,W43878,Bologna (BLQ),Wizz Air,A320 (9H-WDC),,Landed 10:27 PM,Sunday Mar 17,arrivals
tia,11:10 PM,W46634,Paris (BVA),Wizz Air,A321 (HA-LXV),,Landed 10:43 PM,Sunday Mar 17,arrivals
tia,11:20 PM,ZB2006,Bologna (BLQ),Air Albania,319,,Unknown,Sunday Mar 17,arrivals
tia,11:30 PM,W46648,Bari (BRI),Wizz Air,A321 (HA-LXK),,Landed 11:10 PM,Sunday Mar 17,arrivals
tia,11:45 PM,W43888,Rome (FCO),Wizz Air,A321 (HA-LXA),,Landed 11:32 PM,Sunday Mar 17,arrivals
tia,12:05 AM,W43866,Barcelona (BCN),Wizz Air,A320 (9H-WZW),,Landed 11:47 PM,Monday Mar 18,arrivals
tia,12:05 AM,W46638,Genoa (GOA),Wizz Air,A321 (HA-LXE),,Landed 12:50 AM,Monday Mar 18,arrivals
tia,12:35 AM,W46662,Turin (TRN),Wizz Air,A21N (HA-LZK),,Landed 12:31 AM,Monday Mar 18,arrivals
tia,12:40 AM,W43848,Bologna (BLQ),Wizz Air,A321 (HA-LXY),,Landed 12:20 AM,Monday Mar 18,arrivals
tia,12:45 AM,W43850,Verona (VRN),Wizz Air,A321 (HA-LTA),,Landed 12:26 AM,Monday Mar 18,arrivals
tia,12:50 AM,OS849,Vienna (VIE),Austrian Airlines (Retro Livery),A320 (OE-LBO),,Landed 12:45 AM,Monday Mar 18,arrivals
tia,12:50 AM,W46610,Milan (MXP),Wizz Air,A321 (HA-LXR),,Landed 12:15 AM,Monday Mar 18,arrivals
tia,1:16 AM,ZB2014,Milan (MXP),Air Albania,A320 (ZA-MMK),,Unknown,Monday Mar 18,arrivals
tia,2:15 AM,ZB2002,Rome (FCO),Air Albania,319,,Unknown,Monday Mar 18,arrivals
tia,2:20 AM,JU216,Belgrade (BEG),AirSERBIA,AT76 (YU-ASA),,Landed 3:59 AM,Monday Mar 18,arrivals
tia,8:00 AM,FR8349,Milan (BGY),Ryanair,B38M (EI-IHZ),,Landed 7:36 AM,Monday Mar 18,arrivals
tia,8:35 AM,FR8401,Venice (TSF),Ryanair,B738 (9H-QCF),,Landed 8:16 AM,Monday Mar 18,arrivals
tia,8:50 AM,TB2951,Brussels (BRU),TUI,E295 (OO-ETC),,Landed 8:11 AM,Monday Mar 18,arrivals
tia,9:05 AM,A3970,Athens (ATH),Aegean Airlines,A20N (SX-NEG),,Landed 8:46 AM,Monday Mar 18,arrivals
tia,9:50 AM,FR8298,Brussels (CRL),Ryanair,B738 (EI-EBK),,Landed 9:38 AM,Monday Mar 18,arrivals
tia,9:50 AM,RK8288,London (STN),Ryanair,B738 (G-RUKD),,Landed 9:29 AM,Monday Mar 18,arrivals
tia,10:40 AM,W43846,Milan (BGY),Wizz Air,A321 (HA-LXB),,Landed 10:25 AM,Monday Mar 18,arrivals
tia,10:40 AM,W43852,Venice (TSF),Wizz Air,A321 (HA-LXY),,Landed 10:22 AM,Monday Mar 18,arrivals
tia,10:40 AM,W43858,Rome (FCO),Wizz Air,A321 (HA-LXE),,Landed 10:31 AM,Monday Mar 18,arrivals
tia,10:45 AM,MDF9030,Athens (ATH),Swiftair,E120 (SX-AQI),,Unknown,Monday Mar 18,arrivals
tia,11:00 AM,W46608,Milan (MXP),Wizz Air,A321 (HA-LXR),,Landed 10:39 AM,Monday Mar 18,arrivals
tia,11:05 AM,W46604,Turin (TRN),Wizz Air,A321 (HA-LXA),,Landed 11:03 AM,Monday Mar 18,arrivals
tia,11:20 AM,W46612,Berlin (BER),Wizz Air,A321 (HA-LXV),,Landed 10:56 AM,Monday Mar 18,arrivals
tia,11:20 AM,2B196,Ancona (AOI),Albawings,737,,Unknown,Monday Mar 18,arrivals
tia,11:35 AM,ZB2008,Milan (BGY),Air Albania,319,,Unknown,Monday Mar 18,arrivals
tia,11:40 AM,W43842,Dortmund (DTM),Wizz Air,A21N (HA-LZK),,Landed 11:28 AM,Monday Mar 18,arrivals
tia,11:40 AM,ZB2010,Pisa (PSA),Air Albania,319,,Unknown,Monday Mar 18,arrivals
tia,11:50 AM,FR8319,Rome (CIA),Ryanair,B738 (9H-QBW),,Landed 11:46 AM,Monday Mar 18,arrivals
tia,11:50 AM,W43844,Memmingen (FMM),Wizz Air,A320 (9H-WDC),,Landed 12:04 PM,Monday Mar 18,arrivals
tia,11:50 AM,ZB1005,Istanbul (IST),Air Albania,A320 (ZA-MMK),,Landed 12:11 PM,Monday Mar 18,arrivals
tia,12:20 PM,W46606,Catania (CTA),Wizz Air,A21N (9H-WDR),,Landed 12:26 PM,Monday Mar 18,arrivals
tia,12:35 PM,BA380,London (LHR),Finnair,A320 (OH-LXH),,Landed 12:21 PM,Monday Mar 18,arrivals
tia,12:40 PM,LO597,Warsaw (WAW),LOT,E75S (SP-LIC),,Landed 12:37 PM,Monday Mar 18,arrivals
tia,12:50 PM,W46626,Brussels (CRL),Wizz Air,A321 (HA-LXK),,Landed 12:34 PM,Monday Mar 18,arrivals
tia,1:20 PM,LH1424,Frankfurt (FRA),Lufthansa,A320 (D-AIUD),,Estimated 1:20 PM,Monday Mar 18,arrivals
tia,1:30 PM,W46628,Eindhoven (EIN),Wizz Air,A320 (HA-LYK),,Landed 12:58 PM,Monday Mar 18,arrivals
tia,2:15 PM,OS847,Vienna (VIE),Austrian Airlines,A320 (OE-LZE),,Estimated 2:09 PM,Monday Mar 18,arrivals
tia,4:55 PM,ZB1011,Istanbul (IST),Air Albania,320,,Canceled,Monday Mar 18,arrivals
tia,5:10 PM,5W7091,Abu Dhabi (AUH),Wizz Air,A21N (A6-WZB),,Estimated 5:02 PM,Monday Mar 18,arrivalstia,,,,,,,,,arrivals
tia,5:57 AM,,Budapest (BUD),Wizz Air,A21N (HA-LZK),,Landed 5:48 AM,Sunday Mar 17,arrivals
tia,7:35 AM,W46606,Catania (CTA),Wizz Air,A21N (9H-WDR),,Landed 7:18 AM,Sunday Mar 17,arrivals
tia,8:40 AM,FR8398,Bologna (BLQ),Ryanair,B738 (9H-QCY),,Landed 8:21 AM,Sunday Mar 17,arrivals
tia,8:45 AM,W63880,Warsaw (WAW),Wizz Air,A321 (HA-LTE),,Landed 8:25 AM,Sunday Mar 17,arrivals
tia,8:55 AM,LX1442,Zurich (ZRH),Swiss,BCS1 (HB-JBA),,Landed 8:37 AM,Sunday Mar 17,arrivals
tia,9:05 AM,A3970,Athens (ATH),Aegean Airlines,-,,Unknown,Sunday Mar 17,arrivals
tia,9:20 AM,FR8298,Brussels (CRL),Ryanair,B738 (EI-EVT),,Landed 8:52 AM,Sunday Mar 17,arrivals
tia,9:40 AM,FR8355,Milan (BGY),Ryanair,B738 (9H-QEF),,Landed 9:49 AM,Sunday Mar 17,arrivals
tia,9:55 AM,W43858,Rome (FCO),Wizz Air,A321 (HA-LXK),,Landed 9:45 AM,Sunday Mar 17,arrivals
tia,10:25 AM,RK8288,London (STN),Ryanair,B738 (G-RUKE),,Landed 10:08 AM,Sunday Mar 17,arrivals
tia,10:40 AM,W43846,Milan (BGY),Wizz Air,A321 (HA-LXR),,Landed 10:18 AM,Sunday Mar 17,arrivals
tia,10:40 AM,W43852,Venice (TSF),Wizz Air,A321 (HA-LXY),,Landed 10:21 AM,Sunday Mar 17,arrivals
tia,10:55 AM,W43854,Pisa (PSA),Wizz Air,A321 (HA-LXV),,Landed 10:57 AM,Sunday Mar 17,arrivals
tia,11:00 AM,W46608,Milan (MXP),Wizz Air,A321 (HA-LXE),,Landed 10:32 AM,Sunday Mar 17,arrivals
tia,11:25 AM,FZ745,Dubai (DXB),flydubai,B38M (A6-FMI),,Landed 11:28 AM,Sunday Mar 17,arrivals
tia,11:35 AM,FR8332,Weeze (NRN),Ryanair,B738 (9H-QBY),,Landed 11:03 AM,Sunday Mar 17,arrivals
tia,11:35 AM,W46604,Turin (TRN),Wizz Air,A320 (9H-WZW),,Landed 11:39 AM,Sunday Mar 17,arrivals
tia,11:40 AM,W43842,Dortmund (DTM),Wizz Air,A21N (HA-LZK),,Landed 12:19 PM,Sunday Mar 17,arrivals
tia,11:40 AM,ZB2010,Pisa (PSA),Air Albania,319,,Unknown,Sunday Mar 17,arrivals
tia,11:45 AM,FR8349,Milan (BGY),Ryanair,B738 (9H-QDB),,Landed 11:32 AM,Sunday Mar 17,arrivals
tia,11:50 AM,W94465,London (LTN),Wizz Air,A21N (G-WUKU),,Landed 11:36 AM,Sunday Mar 17,arrivals
tia,11:50 AM,ZB1005,Istanbul (IST),Air Albania,A320 (ZA-MMK),,Landed 7:56 PM,Sunday Mar 17,arrivals
tia,12:00 PM,W46626,Brussels (CRL),Wizz Air,A321 (HA-LXA),,Landed 11:44 AM,Sunday Mar 17,arrivals
tia,12:40 PM,ZB2008,Milan (BGY),Air Albania,319,,Unknown,Sunday Mar 17,arrivals
tia,1:10 PM,W46628,Eindhoven (EIN),Wizz Air,A21N (9H-WDP),,Landed 12:56 PM,Sunday Mar 17,arrivals
tia,1:30 PM,ZB1004,Istanbul (IST),Air Albania,A320 (ZA-MMK),,Landed 3:22 PM,Sunday Mar 17,arrivals
tia,1:30 PM,LH1424,Frankfurt (FRA),Lufthansa,A320 (D-AIUP),,Landed 1:39 PM,Sunday Mar 17,arrivals
tia,1:35 PM,W43205,Bucharest (OTP),Wizz Air,A321 (HA-LXH),,Landed 1:08 PM,Sunday Mar 17,arrivals
tia,2:00 PM,W43862,Stockholm (NYO),Wizz Air,A320 (9H-WDC),,Landed 1:31 PM,Sunday Mar 17,arrivals
tia,2:15 PM,OS847,Vienna (VIE),Austrian Airlines,A320 (OE-LBP),,Landed 2:08 PM,Sunday Mar 17,arrivals
tia,2:30 PM,JU212,Belgrade (BEG),AirSERBIA,AT76 (YU-ALZ),,Landed 2:14 PM,Sunday Mar 17,arrivals
tia,2:30 PM,W46602,Bari (BRI),Wizz Air,A321 (HA-LXE),,Landed 2:04 PM,Sunday Mar 17,arrivals
tia,2:40 PM,W43856,Ancona (AOI),Wizz Air,A321 (HA-LXR),,Landed 2:20 PM,Sunday Mar 17,arrivals
tia,3:00 PM,W46692,Rome (FCO),Wizz Air,A321 (HA-LXY),,Landed 2:45 PM,Sunday Mar 17,arrivals
tia,3:00 PM,,Frankfurt (HHN),Wizz Air,A321 (HA-LTA),,Landed 3:13 PM,Sunday Mar 17,arrivals
tia,3:05 PM,FR8421,Milan (BGY),Ryanair,B738 (EI-DLX),,Landed 3:04 PM,Sunday Mar 17,arrivals
tia,3:10 PM,W46630,Milan (MXP),Wizz Air,A321 (HA-LXK),,Landed 3:17 PM,Sunday Mar 17,arrivals
tia,3:35 PM,W46680,Pisa (PSA),Wizz Air,A321 (HA-LXV),,Landed 3:45 PM,Sunday Mar 17,arrivals
tia,4:05 PM,AZ582,Rome (FCO),ITA Airways,A20N (EI-HJD),,Landed 3:49 PM,Sunday Mar 17,arrivals
tia,4:15 PM,2B274,Perugia (PEG),Albawings,737,,Unknown,Sunday Mar 17,arrivals
tia,4:20 PM,2B232,Milan (BGY),Albawings,737,,Unknown,Sunday Mar 17,arrivals
tia,4:30 PM,W43886,Milan (BGY),Wizz Air,A320 (9H-WZW),,Landed 4:50 PM,Sunday Mar 17,arrivals
tia,5:10 PM,ZB1011,Istanbul (IST),Air Albania,320,,Canceled,Sunday Mar 17,arrivals
tia,5:40 PM,ZB2012,Verona (VRN),Air Albania,319,,Unknown,Sunday Mar 17,arrivals
tia,5:50 PM,A3972,Athens (ATH),Aegean Airlines,A320 (SX-DGZ),,Landed 5:37 PM,Sunday Mar 17,arrivals
tia,5:50 PM,ZB2014,Milan (MXP),Air Albania,A320 (ZA-MMK),,Landed 1:21 AM,Sunday Mar 17,arrivals
tia,6:20 PM,W44814,Athens (ATH),Wizz Air,A320 (9H-WDC),,Landed 5:52 PM,Sunday Mar 17,arrivals
tia,6:25 PM,FR8419,Rome (CIA),Ryanair,B738 (9H-QAN),,Landed 5:55 PM,Sunday Mar 17,arrivals
tia,7:10 PM,W46614,Hamburg (HAM),Wizz Air,A21N (HA-LZK),,Landed 6:57 PM,Sunday Mar 17,arrivals
tia,7:10 PM,W46636,Basel (BSL),Wizz Air,A321 (HA-LXE),,Landed 8:04 PM,Sunday Mar 17,arrivals
tia,7:20 PM,FR8402,Krakow (KRK),Ryanair,B738 (SP-RSV),,Landed 7:09 PM,Sunday Mar 17,arrivals
tia,7:20 PM,W46612,Berlin (BER),Wizz Air,A321 (HA-LXA),,Landed 7:00 PM,Sunday Mar 17,arrivals
tia,7:35 PM,FR8401,Venice (TSF),Ryanair,B738 (9H-QEL),,Landed 7:27 PM,Sunday Mar 17,arrivals
tia,7:35 PM,W43870,Milan (BGY),Wizz Air,A321 (HA-LXR),,Landed 7:16 PM,Sunday Mar 17,arrivals
tia,7:45 PM,FR8415,Bucharest (OTP),Ryanair,B738 (9H-QBX),,Landed 7:31 PM,Sunday Mar 17,arrivals
tia,8:05 PM,W44810,Venice (TSF),Wizz Air,A321 (HA-LTA),,Landed 8:00 PM,Sunday Mar 17,arrivals
tia,8:05 PM,RK8290,London (STN),Ryanair,B738 (G-RUKD),,Landed 7:36 PM,Sunday Mar 17,arrivals
tia,8:10 PM,W46650,Pisa (PSA),Wizz Air,A321 (HA-LXY),,Landed 7:52 PM,Sunday Mar 17,arrivals
tia,8:15 PM,W94473,London (LTN),Wizz Air,A21N (G-WUKP),,Landed 7:41 PM,Sunday Mar 17,arrivals
tia,8:20 PM,W43844,Memmingen (FMM),Wizz Air,A321 (HA-LXK),,Landed 8:15 PM,Sunday Mar 17,arrivals
tia,8:55 PM,2B224,Venice (VCE),Albawings,737,,Unknown,Sunday Mar 17,arrivals
tia,9:00 PM,W62233,Budapest (BUD),Wizz Air,A21N (HA-LGB),,Landed 9:06 PM,Sunday Mar 17,arrivals
tia,9:20 PM,2B230,Pisa (PSA),Albawings,737,,Unknown,Sunday Mar 17,arrivals
tia,9:25 PM,FR8390,Pisa (PSA),Ryanair,B738 (9H-QET),,Landed 9:10 PM,Sunday Mar 17,arrivals
tia,9:30 PM,FR8369,Catania (CTA),Ryanair,B738 (9H-QCQ),,Landed 8:59 PM,Sunday Mar 17,arrivals
tia,9:55 PM,PC281,Istanbul (SAW),Pegasus,A21N (TC-RDT),,Landed 9:41 PM,Sunday Mar 17,arrivals
tia,9:55 PM,ZB2002,Rome (FCO),Air Albania,319,,Unknown,Sunday Mar 17,arrivals
tia,10:30 PM,W94471,London (LTN),Wizz Air,A21N (G-WUNC),,Landed 10:00 PM,Sunday Mar 17,arrivals
tia,10:30 PM,ZB1002,Istanbul (IST),Air Albania,A320 (ZA-MMK),,Landed 6:39 AM,Sunday Mar 17,arrivals
tia,10:40 PM,LH1454,Frankfurt (FRA),Lufthansa,A320 (D-AIZI),,Landed 10:22 PM,Sunday Mar 17,arrivals
tia,10:50 PM,W43878,Bologna (BLQ),Wizz Air,A320 (9H-WDC),,Landed 10:27 PM,Sunday Mar 17,arrivals
tia,11:10 PM,W46634,Paris (BVA),Wizz Air,A321 (HA-LXV),,Landed 10:43 PM,Sunday Mar 17,arrivals
tia,11:20 PM,ZB2006,Bologna (BLQ),Air Albania,319,,Unknown,Sunday Mar 17,arrivals
tia,11:30 PM,W46648,Bari (BRI),Wizz Air,A321 (HA-LXK),,Landed 11:10 PM,Sunday Mar 17,arrivals
tia,11:45 PM,W43888,Rome (FCO),Wizz Air,A321 (HA-LXA),,Landed 11:32 PM,Sunday Mar 17,arrivals
tia,12:05 AM,W43866,Barcelona (BCN),Wizz Air,A320 (9H-WZW),,Landed 11:47 PM,Monday Mar 18,arrivals
tia,12:05 AM,W46638,Genoa (GOA),Wizz Air,A321 (HA-LXE),,Landed 12:50 AM,Monday Mar 18,arrivals
tia,12:35 AM,W46662,Turin (TRN),Wizz Air,A21N (HA-LZK),,Landed 12:31 AM,Monday Mar 18,arrivals
tia,12:40 AM,W43848,Bologna (BLQ),Wizz Air,A321 (HA-LXY),,Landed 12:20 AM,Monday Mar 18,arrivals
tia,12:45 AM,W43850,Verona (VRN),Wizz Air,A321 (HA-LTA),,Landed 12:26 AM,Monday Mar 18,arrivals
tia,12:50 AM,OS849,Vienna (VIE),Austrian Airlines (Retro Livery),A320 (OE-LBO),,Landed 12:45 AM,Monday Mar 18,arrivals
tia,12:50 AM,W46610,Milan (MXP),Wizz Air,A321 (HA-LXR),,Landed 12:15 AM,Monday Mar 18,arrivals
tia,1:16 AM,ZB2014,Milan (MXP),Air Albania,A320 (ZA-MMK),,Unknown,Monday Mar 18,arrivals
tia,2:15 AM,ZB2002,Rome (FCO),Air Albania,319,,Unknown,Monday Mar 18,arrivals
tia,2:20 AM,JU216,Belgrade (BEG),AirSERBIA,AT76 (YU-ASA),,Landed 3:59 AM,Monday Mar 18,arrivals
tia,8:00 AM,FR8349,Milan (BGY),Ryanair,B38M (EI-IHZ),,Landed 7:36 AM,Monday Mar 18,arrivals
tia,8:35 AM,FR8401,Venice (TSF),Ryanair,B738 (9H-QCF),,Landed 8:16 AM,Monday Mar 18,arrivals
tia,8:50 AM,TB2951,Brussels (BRU),TUI,E295 (OO-ETC),,Landed 8:11 AM,Monday Mar 18,arrivals
tia,9:05 AM,A3970,Athens (ATH),Aegean Airlines,A20N (SX-NEG),,Landed 8:46 AM,Monday Mar 18,arrivals
tia,9:50 AM,FR8298,Brussels (CRL),Ryanair,B738 (EI-EBK),,Landed 9:38 AM,Monday Mar 18,arrivals
tia,9:50 AM,RK8288,London (STN),Ryanair,B738 (G-RUKD),,Landed 9:29 AM,Monday Mar 18,arrivals
tia,10:40 AM,W43846,Milan (BGY),Wizz Air,A321 (HA-LXB),,Landed 10:25 AM,Monday Mar 18,arrivals
tia,10:40 AM,W43852,Venice (TSF),Wizz Air,A321 (HA-LXY),,Landed 10:22 AM,Monday Mar 18,arrivals
tia,10:40 AM,W43858,Rome (FCO),Wizz Air,A321 (HA-LXE),,Landed 10:31 AM,Monday Mar 18,arrivals
tia,10:45 AM,MDF9030,Athens (ATH),Swiftair,E120 (SX-AQI),,Unknown,Monday Mar 18,arrivals
tia,11:00 AM,W46608,Milan (MXP),Wizz Air,A321 (HA-LXR),,Landed 10:39 AM,Monday Mar 18,arrivals
tia,11:05 AM,W46604,Turin (TRN),Wizz Air,A321 (HA-LXA),,Landed 11:03 AM,Monday Mar 18,arrivals
tia,11:20 AM,W46612,Berlin (BER),Wizz Air,A321 (HA-LXV),,Landed 10:56 AM,Monday Mar 18,arrivals
tia,11:20 AM,2B196,Ancona (AOI),Albawings,737,,Unknown,Monday Mar 18,arrivals
tia,11:35 AM,ZB2008,Milan (BGY),Air Albania,319,,Unknown,Monday Mar 18,arrivals
tia,11:40 AM,W43842,Dortmund (DTM),Wizz Air,A21N (HA-LZK),,Landed 11:28 AM,Monday Mar 18,arrivals
tia,11:40 AM,ZB2010,Pisa (PSA),Air Albania,319,,Unknown,Monday Mar 18,arrivals
tia,11:50 AM,FR8319,Rome (CIA),Ryanair,B738 (9H-QBW),,Landed 11:46 AM,Monday Mar 18,arrivals
tia,11:50 AM,W43844,Memmingen (FMM),Wizz Air,A320 (9H-WDC),,Landed 12:04 PM,Monday Mar 18,arrivals
tia,11:50 AM,ZB1005,Istanbul (IST),Air Albania,A320 (ZA-MMK),,Landed 12:11 PM,Monday Mar 18,arrivals
tia,12:20 PM,W46606,Catania (CTA),Wizz Air,A21N (9H-WDR),,Landed 12:26 PM,Monday Mar 18,arrivals
tia,12:35 PM,BA380,London (LHR),Finnair,A320 (OH-LXH),,Landed 12:21 PM,Monday Mar 18,arrivals
tia,12:40 PM,LO597,Warsaw (WAW),LOT,E75S (SP-LIC),,Landed 12:37 PM,Monday Mar 18,arrivals
tia,12:50 PM,W46626,Brussels (CRL),Wizz Air,A321 (HA-LXK),,Landed 12:34 PM,Monday Mar 18,arrivals
tia,1:20 PM,LH1424,Frankfurt (FRA),Lufthansa,A320 (D-AIUD),,Landed 1:15 PM,Monday Mar 18,arrivals
tia,1:30 PM,W46628,Eindhoven (EIN),Wizz Air,A320 (HA-LYK),,Landed 12:58 PM,Monday Mar 18,arrivals
tia,2:15 PM,JU212,Belgrade (BEG),AirSERBIA,A319 (YU-APF),,Landed 2:28 PM,Monday Mar 18,arrivals
tia,2:15 PM,OS847,Vienna (VIE),Austrian Airlines,A320 (OE-LZE),,Landed 2:03 PM,Monday Mar 18,arrivals
tia,2:30 PM,W46602,Bari (BRI),Wizz Air,A321 (HA-LXR),,Landed 2:05 PM,Monday Mar 18,arrivals
tia,3:05 PM,PC283,Istanbul (SAW),Pegasus,A20N (TC-NBA),,Landed 2:31 PM,Monday Mar 18,arrivals
tia,3:10 PM,W43878,Bologna (BLQ),Wizz Air,A321 (HA-LXB),,Estimated 2:55 PM,Monday Mar 18,arrivals
tia,3:20 PM,W43854,Pisa (PSA),Wizz Air,A321 (HA-LXY),,Estimated 3:06 PM,Monday Mar 18,arrivals
tia,3:25 PM,W43886,Milan (BGY),Wizz Air,A321 (HA-LXE),,Estimated 3:09 PM,Monday Mar 18,arrivals
tia,3:40 PM,W44810,Venice (TSF),Wizz Air,A321 (HA-LXA),,Estimated 3:43 PM,Monday Mar 18,arrivals
tia,3:48 PM,MDF9032,Athens (ATH),Swiftair,E120 (SX-AQI),,Estimated 3:30 PM,Monday Mar 18,arrivals
tia,4:55 PM,ZB1011,Istanbul (IST),Air Albania,320,,Canceled,Monday Mar 18,arrivals
tia,5:10 PM,5W7091,Abu Dhabi (AUH),Wizz Air,A21N (A6-WZB),,Estimated 4:55 PM,Monday Mar 18,arrivals
